market_key,symbol,company,category,recommendation_label,current_price,price_currency,price_as_of,research_status,valuation_status,risk_status,horizon_status,decision_ready,readiness_blockers,next_required_workflow,near_term_3m,base_12m,long_term_3y,key_missing_evidence,summary,tearsheet,initiation,risk_plan
tw,1215,卜蜂,inventory_holding,Watch only,110.0,TWD,2026-09-03,partial,not_run,not_run,partial,false,research_status_not_complete; valuation_status_not_complete; risk_status_not_complete; investment_horizon_not_complete,company-tearsheet + initiating-coverage; comps-valuation; portfolio-risk-management,"Inventory-scope artifact uses health-check, K-line, and APEX context as a timing/risk screen only; 3-month thesis is not fully underwritten.","Requires official filings, earnings-call commentary, consensus/estimate context, and valuation work before a 12-month PEI view can be decision-ready.",Requires full PEI specialist research or source-backed industry/company underwrite before a 3-year ownership thesis can be decision-ready.,本 inventory-scope PEI 批次未逐檔執行完整官方 filings、法說、consensus、估值模型與流動性模型查核; 個人庫存僅用於定義研究宇宙；模型投組 sizing 未使用券商、股數或成本; 需以公司公告、交易所/SEC 文件與正式 PEI specialist workflow 補強後，才可升級為 decision-ready; 產業 thesis Gate=產業順風且公司證據較完整；炒作風險=低; 產業 thesis 缺失證據：近 7 日公開新聞熱度未命中或未抓取; 產業 thesis 缺失證據：缺少明確後續產業 KPI,reports/public-equity-batch/2026-09-04-inventory/companies/tw-1215/summary.html,reports/public-equity-batch/2026-09-04-inventory/companies/tw-1215/tearsheet.html,reports/public-equity-batch/2026-09-04-inventory/companies/tw-1215/initiation.html,reports/public-equity-batch/2026-09-04-inventory/companies/tw-1215/risk_plan.html
tw,2308,台達電,inventory_holding,Watch only,1760.0,TWD,2026-09-03,partial,not_run,not_run,partial,false,research_status_not_complete; valuation_status_not_complete; risk_status_not_complete; investment_horizon_not_complete,company-tearsheet + initiating-coverage; comps-valuation; portfolio-risk-management,"Inventory-scope artifact uses health-check, K-line, and APEX context as a timing/risk screen only; 3-month thesis is not fully underwritten.","Requires official filings, earnings-call commentary, consensus/estimate context, and valuation work before a 12-month PEI view can be decision-ready.",Requires full PEI specialist research or source-backed industry/company underwrite before a 3-year ownership thesis can be decision-ready.,本 inventory-scope PEI 批次未逐檔執行完整官方 filings、法說、consensus、估值模型與流動性模型查核; 個人庫存僅用於定義研究宇宙；模型投組 sizing 未使用券商、股數或成本; 需以公司公告、交易所/SEC 文件與正式 PEI specialist workflow 補強後，才可升級為 decision-ready; 健康檢查已標示風險控管動作，模型投組維持 0%; 產業 thesis Gate=產業順風且公司證據較完整；炒作風險=低; 產業 thesis 缺失證據：近 7 日公開新聞熱度未命中或未抓取; 產業 thesis 缺失證據：缺少明確後續產業 KPI,reports/public-equity-batch/2026-09-04-inventory/companies/tw-2308/summary.html,reports/public-equity-batch/2026-09-04-inventory/companies/tw-2308/tearsheet.html,reports/public-equity-batch/2026-09-04-inventory/companies/tw-2308/initiation.html,reports/public-equity-batch/2026-09-04-inventory/companies/tw-2308/risk_plan.html
tw,2327,國巨*,inventory_holding,Watch only,511.0,TWD,2026-09-03,partial,not_run,not_run,partial,false,research_status_not_complete; valuation_status_not_complete; risk_status_not_complete; investment_horizon_not_complete,company-tearsheet + initiating-coverage; comps-valuation; portfolio-risk-management,"Inventory-scope artifact uses health-check, K-line, and APEX context as a timing/risk screen only; 3-month thesis is not fully underwritten.","Requires official filings, earnings-call commentary, consensus/estimate context, and valuation work before a 12-month PEI view can be decision-ready.",Requires full PEI specialist research or source-backed industry/company underwrite before a 3-year ownership thesis can be decision-ready.,本 inventory-scope PEI 批次未逐檔執行完整官方 filings、法說、consensus、估值模型與流動性模型查核; 個人庫存僅用於定義研究宇宙；模型投組 sizing 未使用券商、股數或成本; 需以公司公告、交易所/SEC 文件與正式 PEI specialist workflow 補強後，才可升級為 decision-ready; 健康檢查已標示風險控管動作，模型投組維持 0%; 產業 thesis Gate=產業順風且公司證據較完整；炒作風險=低; 產業 thesis 缺失證據：近 7 日公開新聞熱度未命中或未抓取; 產業 thesis 缺失證據：缺少明確後續產業 KPI; 風險 handoff 缺失：downside distance input missing,reports/public-equity-batch/2026-09-04-inventory/companies/tw-2327/summary.html,reports/public-equity-batch/2026-09-04-inventory/companies/tw-2327/tearsheet.html,reports/public-equity-batch/2026-09-04-inventory/companies/tw-2327/initiation.html,reports/public-equity-batch/2026-09-04-inventory/companies/tw-2327/risk_plan.html
tw,2330,台積電,inventory_holding,Watch only,2390.0,TWD,2026-09-03,partial,not_run,not_run,partial,false,research_status_not_complete; valuation_status_not_complete; risk_status_not_complete; investment_horizon_not_complete,company-tearsheet + initiating-coverage; comps-valuation; portfolio-risk-management,"Inventory-scope artifact uses health-check, K-line, and APEX context as a timing/risk screen only; 3-month thesis is not fully underwritten.","Requires official filings, earnings-call commentary, consensus/estimate context, and valuation work before a 12-month PEI view can be decision-ready.",Requires full PEI specialist research or source-backed industry/company underwrite before a 3-year ownership thesis can be decision-ready.,本 inventory-scope PEI 批次未逐檔執行完整官方 filings、法說、consensus、估值模型與流動性模型查核; 個人庫存僅用於定義研究宇宙；模型投組 sizing 未使用券商、股數或成本; 需以公司公告、交易所/SEC 文件與正式 PEI specialist workflow 補強後，才可升級為 decision-ready; 產業 thesis Gate=產業順風且公司證據較完整；炒作風險=低; 產業 thesis 缺失證據：近 7 日公開新聞熱度未命中或未抓取; 產業 thesis 缺失證據：缺少明確後續產業 KPI,reports/public-equity-batch/2026-09-04-inventory/companies/tw-2330/summary.html,reports/public-equity-batch/2026-09-04-inventory/companies/tw-2330/tearsheet.html,reports/public-equity-batch/2026-09-04-inventory/companies/tw-2330/initiation.html,reports/public-equity-batch/2026-09-04-inventory/companies/tw-2330/risk_plan.html
tw,2382,廣達,inventory_holding,Wait for trigger,335.0,TWD,2026-09-03,partial,not_run,not_run,partial,false,research_status_not_complete; valuation_status_not_complete; risk_status_not_complete; investment_horizon_not_complete,company-tearsheet + initiating-coverage; comps-valuation; portfolio-risk-management,"Inventory-scope artifact uses health-check, K-line, and APEX context as a timing/risk screen only; 3-month thesis is not fully underwritten.","Requires official filings, earnings-call commentary, consensus/estimate context, and valuation work before a 12-month PEI view can be decision-ready.",Requires full PEI specialist research or source-backed industry/company underwrite before a 3-year ownership thesis can be decision-ready.,本 inventory-scope PEI 批次未逐檔執行完整官方 filings、法說、consensus、估值模型與流動性模型查核; 個人庫存僅用於定義研究宇宙；模型投組 sizing 未使用券商、股數或成本; 需以公司公告、交易所/SEC 文件與正式 PEI specialist workflow 補強後，才可升級為 decision-ready; 產業 thesis Gate=產業前景可追，但公司證據仍在建立；炒作風險=低; 產業 thesis 缺失證據：近 7 日公開新聞熱度未命中或未抓取; 產業 thesis 缺失證據：缺少明確後續產業 KPI,reports/public-equity-batch/2026-09-04-inventory/companies/tw-2382/summary.html,reports/public-equity-batch/2026-09-04-inventory/companies/tw-2382/tearsheet.html,reports/public-equity-batch/2026-09-04-inventory/companies/tw-2382/initiation.html,reports/public-equity-batch/2026-09-04-inventory/companies/tw-2382/risk_plan.html
tw,2454,聯發科,inventory_holding,Watch only,4340.0,TWD,2026-09-03,partial,not_run,not_run,partial,false,research_status_not_complete; valuation_status_not_complete; risk_status_not_complete; investment_horizon_not_complete,company-tearsheet + initiating-coverage; comps-valuation; portfolio-risk-management,"Inventory-scope artifact uses health-check, K-line, and APEX context as a timing/risk screen only; 3-month thesis is not fully underwritten.","Requires official filings, earnings-call commentary, consensus/estimate context, and valuation work before a 12-month PEI view can be decision-ready.",Requires full PEI specialist research or source-backed industry/company underwrite before a 3-year ownership thesis can be decision-ready.,本 inventory-scope PEI 批次未逐檔執行完整官方 filings、法說、consensus、估值模型與流動性模型查核; 個人庫存僅用於定義研究宇宙；模型投組 sizing 未使用券商、股數或成本; 需以公司公告、交易所/SEC 文件與正式 PEI specialist workflow 補強後，才可升級為 decision-ready; 產業 thesis Gate=產業前景可追，但公司證據仍在建立；炒作風險=低; 產業 thesis 缺失證據：近 7 日公開新聞熱度未命中或未抓取; 產業 thesis 缺失證據：缺少明確後續產業 KPI,reports/public-equity-batch/2026-09-04-inventory/companies/tw-2454/summary.html,reports/public-equity-batch/2026-09-04-inventory/companies/tw-2454/tearsheet.html,reports/public-equity-batch/2026-09-04-inventory/companies/tw-2454/initiation.html,reports/public-equity-batch/2026-09-04-inventory/companies/tw-2454/risk_plan.html
tw,2467,志聖,inventory_holding,Watch only,595.0,TWD,2026-09-03,partial,not_run,not_run,partial,false,research_status_not_complete; valuation_status_not_complete; risk_status_not_complete; investment_horizon_not_complete,company-tearsheet + initiating-coverage; comps-valuation; portfolio-risk-management,"Inventory-scope artifact uses health-check, K-line, and APEX context as a timing/risk screen only; 3-month thesis is not fully underwritten.","Requires official filings, earnings-call commentary, consensus/estimate context, and valuation work before a 12-month PEI view can be decision-ready.",Requires full PEI specialist research or source-backed industry/company underwrite before a 3-year ownership thesis can be decision-ready.,本 inventory-scope PEI 批次未逐檔執行完整官方 filings、法說、consensus、估值模型與流動性模型查核; 個人庫存僅用於定義研究宇宙；模型投組 sizing 未使用券商、股數或成本; 需以公司公告、交易所/SEC 文件與正式 PEI specialist workflow 補強後，才可升級為 decision-ready; 產業 thesis Gate=產業順風且公司證據較完整；炒作風險=低; 產業 thesis 缺失證據：近 7 日公開新聞熱度未命中或未抓取; 產業 thesis 缺失證據：缺少明確後續產業 KPI,reports/public-equity-batch/2026-09-04-inventory/companies/tw-2467/summary.html,reports/public-equity-batch/2026-09-04-inventory/companies/tw-2467/tearsheet.html,reports/public-equity-batch/2026-09-04-inventory/companies/tw-2467/initiation.html,reports/public-equity-batch/2026-09-04-inventory/companies/tw-2467/risk_plan.html
tw,2610,華航,inventory_holding,Wait for trigger,20.55,TWD,2026-09-03,partial,not_run,not_run,partial,false,research_status_not_complete; valuation_status_not_complete; risk_status_not_complete; investment_horizon_not_complete,company-tearsheet + initiating-coverage; comps-valuation; portfolio-risk-management,"Inventory-scope artifact uses health-check, K-line, and APEX context as a timing/risk screen only; 3-month thesis is not fully underwritten.","Requires official filings, earnings-call commentary, consensus/estimate context, and valuation work before a 12-month PEI view can be decision-ready.",Requires full PEI specialist research or source-backed industry/company underwrite before a 3-year ownership thesis can be decision-ready.,本 inventory-scope PEI 批次未逐檔執行完整官方 filings、法說、consensus、估值模型與流動性模型查核; 個人庫存僅用於定義研究宇宙；模型投組 sizing 未使用券商、股數或成本; 需以公司公告、交易所/SEC 文件與正式 PEI specialist workflow 補強後，才可升級為 decision-ready; 產業 thesis Gate=產業順風且公司證據較完整；炒作風險=低; 產業 thesis 缺失證據：近 7 日公開新聞熱度未命中或未抓取; 產業 thesis 缺失證據：缺少明確後續產業 KPI,reports/public-equity-batch/2026-09-04-inventory/companies/tw-2610/summary.html,reports/public-equity-batch/2026-09-04-inventory/companies/tw-2610/tearsheet.html,reports/public-equity-batch/2026-09-04-inventory/companies/tw-2610/initiation.html,reports/public-equity-batch/2026-09-04-inventory/companies/tw-2610/risk_plan.html
tw,2753,八方雲集,inventory_holding,Watch only,180.0,TWD,2026-09-03,partial,not_run,not_run,partial,false,research_status_not_complete; valuation_status_not_complete; risk_status_not_complete; investment_horizon_not_complete,company-tearsheet + initiating-coverage; comps-valuation; portfolio-risk-management,"Inventory-scope artifact uses health-check, K-line, and APEX context as a timing/risk screen only; 3-month thesis is not fully underwritten.","Requires official filings, earnings-call commentary, consensus/estimate context, and valuation work before a 12-month PEI view can be decision-ready.",Requires full PEI specialist research or source-backed industry/company underwrite before a 3-year ownership thesis can be decision-ready.,本 inventory-scope PEI 批次未逐檔執行完整官方 filings、法說、consensus、估值模型與流動性模型查核; 個人庫存僅用於定義研究宇宙；模型投組 sizing 未使用券商、股數或成本; 需以公司公告、交易所/SEC 文件與正式 PEI specialist workflow 補強後，才可升級為 decision-ready; 產業 thesis Gate=產業順風且公司證據較完整；炒作風險=低; 產業 thesis 缺失證據：近 7 日公開新聞熱度未命中或未抓取; 產業 thesis 缺失證據：缺少明確後續產業 KPI,reports/public-equity-batch/2026-09-04-inventory/companies/tw-2753/summary.html,reports/public-equity-batch/2026-09-04-inventory/companies/tw-2753/tearsheet.html,reports/public-equity-batch/2026-09-04-inventory/companies/tw-2753/initiation.html,reports/public-equity-batch/2026-09-04-inventory/companies/tw-2753/risk_plan.html
tw,2884,玉山金,inventory_holding,Watch only,43.2,TWD,2026-09-03,partial,not_run,not_run,partial,false,research_status_not_complete; valuation_status_not_complete; risk_status_not_complete; investment_horizon_not_complete,company-tearsheet + initiating-coverage; comps-valuation; portfolio-risk-management,"Inventory-scope artifact uses health-check, K-line, and APEX context as a timing/risk screen only; 3-month thesis is not fully underwritten.","Requires official filings, earnings-call commentary, consensus/estimate context, and valuation work before a 12-month PEI view can be decision-ready.",Requires full PEI specialist research or source-backed industry/company underwrite before a 3-year ownership thesis can be decision-ready.,本 inventory-scope PEI 批次未逐檔執行完整官方 filings、法說、consensus、估值模型與流動性模型查核; 個人庫存僅用於定義研究宇宙；模型投組 sizing 未使用券商、股數或成本; 需以公司公告、交易所/SEC 文件與正式 PEI specialist workflow 補強後，才可升級為 decision-ready; 產業 thesis Gate=產業前景可追，但公司證據仍在建立；炒作風險=中; 產業 thesis 缺失證據：近 7 日公開新聞熱度未命中或未抓取; 產業 thesis 缺失證據：缺少明確後續產業 KPI,reports/public-equity-batch/2026-09-04-inventory/companies/tw-2884/summary.html,reports/public-equity-batch/2026-09-04-inventory/companies/tw-2884/tearsheet.html,reports/public-equity-batch/2026-09-04-inventory/companies/tw-2884/initiation.html,reports/public-equity-batch/2026-09-04-inventory/companies/tw-2884/risk_plan.html
tw,3289,宜特,inventory_holding,Wait for trigger,138.0,TWD,2026-09-03,partial,not_run,not_run,partial,false,research_status_not_complete; valuation_status_not_complete; risk_status_not_complete; investment_horizon_not_complete,company-tearsheet + initiating-coverage; comps-valuation; portfolio-risk-management,"Inventory-scope artifact uses health-check, K-line, and APEX context as a timing/risk screen only; 3-month thesis is not fully underwritten.","Requires official filings, earnings-call commentary, consensus/estimate context, and valuation work before a 12-month PEI view can be decision-ready.",Requires full PEI specialist research or source-backed industry/company underwrite before a 3-year ownership thesis can be decision-ready.,本 inventory-scope PEI 批次未逐檔執行完整官方 filings、法說、consensus、估值模型與流動性模型查核; 個人庫存僅用於定義研究宇宙；模型投組 sizing 未使用券商、股數或成本; 需以公司公告、交易所/SEC 文件與正式 PEI specialist workflow 補強後，才可升級為 decision-ready; 產業 thesis Gate=目前偏題材，缺公司級落地證據；炒作風險=低; 產業 thesis 缺失證據：台股官方公司基本資料未命中; 產業 thesis 缺失證據：近 7 日公開新聞熱度未命中或未抓取; 產業 thesis 缺失證據：缺少明確後續產業 KPI; 產業 thesis 缺失證據：缺少公司級官方營收、訂單、財報或法說支撐,reports/public-equity-batch/2026-09-04-inventory/companies/tw-3289/summary.html,reports/public-equity-batch/2026-09-04-inventory/companies/tw-3289/tearsheet.html,reports/public-equity-batch/2026-09-04-inventory/companies/tw-3289/initiation.html,reports/public-equity-batch/2026-09-04-inventory/companies/tw-3289/risk_plan.html
tw,3293,鈊象,inventory_holding,Watch only,703.0,TWD,2026-09-03,partial,not_run,not_run,partial,false,research_status_not_complete; valuation_status_not_complete; risk_status_not_complete; investment_horizon_not_complete,company-tearsheet + initiating-coverage; comps-valuation; portfolio-risk-management,"Inventory-scope artifact uses health-check, K-line, and APEX context as a timing/risk screen only; 3-month thesis is not fully underwritten.","Requires official filings, earnings-call commentary, consensus/estimate context, and valuation work before a 12-month PEI view can be decision-ready.",Requires full PEI specialist research or source-backed industry/company underwrite before a 3-year ownership thesis can be decision-ready.,本 inventory-scope PEI 批次未逐檔執行完整官方 filings、法說、consensus、估值模型與流動性模型查核; 個人庫存僅用於定義研究宇宙；模型投組 sizing 未使用券商、股數或成本; 需以公司公告、交易所/SEC 文件與正式 PEI specialist workflow 補強後，才可升級為 decision-ready; 產業 thesis Gate=產業前景可追，但公司證據仍在建立；炒作風險=低; 產業 thesis 缺失證據：台股官方公司基本資料未命中; 產業 thesis 缺失證據：近 7 日公開新聞熱度未命中或未抓取; 產業 thesis 缺失證據：缺少明確後續產業 KPI,reports/public-equity-batch/2026-09-04-inventory/companies/tw-3293/summary.html,reports/public-equity-batch/2026-09-04-inventory/companies/tw-3293/tearsheet.html,reports/public-equity-batch/2026-09-04-inventory/companies/tw-3293/initiation.html,reports/public-equity-batch/2026-09-04-inventory/companies/tw-3293/risk_plan.html
tw,4772,台特化,inventory_holding,Wait for trigger,247.0,TWD,2026-09-03,partial,not_run,not_run,partial,false,research_status_not_complete; valuation_status_not_complete; risk_status_not_complete; investment_horizon_not_complete,company-tearsheet + initiating-coverage; comps-valuation; portfolio-risk-management,"Inventory-scope artifact uses health-check, K-line, and APEX context as a timing/risk screen only; 3-month thesis is not fully underwritten.","Requires official filings, earnings-call commentary, consensus/estimate context, and valuation work before a 12-month PEI view can be decision-ready.",Requires full PEI specialist research or source-backed industry/company underwrite before a 3-year ownership thesis can be decision-ready.,本 inventory-scope PEI 批次未逐檔執行完整官方 filings、法說、consensus、估值模型與流動性模型查核; 個人庫存僅用於定義研究宇宙；模型投組 sizing 未使用券商、股數或成本; 需以公司公告、交易所/SEC 文件與正式 PEI specialist workflow 補強後，才可升級為 decision-ready; 產業 thesis Gate=產業前景可追，但公司證據仍在建立；炒作風險=低; 產業 thesis 缺失證據：台股官方公司基本資料未命中; 產業 thesis 缺失證據：近 7 日公開新聞熱度未命中或未抓取; 產業 thesis 缺失證據：缺少明確後續產業 KPI,reports/public-equity-batch/2026-09-04-inventory/companies/tw-4772/summary.html,reports/public-equity-batch/2026-09-04-inventory/companies/tw-4772/tearsheet.html,reports/public-equity-batch/2026-09-04-inventory/companies/tw-4772/initiation.html,reports/public-equity-batch/2026-09-04-inventory/companies/tw-4772/risk_plan.html
tw,5234,達興材料,inventory_holding,Wait for trigger,289.5,TWD,2026-09-03,partial,not_run,not_run,partial,false,research_status_not_complete; valuation_status_not_complete; risk_status_not_complete; investment_horizon_not_complete,company-tearsheet + initiating-coverage; comps-valuation; portfolio-risk-management,"Inventory-scope artifact uses health-check, K-line, and APEX context as a timing/risk screen only; 3-month thesis is not fully underwritten.","Requires official filings, earnings-call commentary, consensus/estimate context, and valuation work before a 12-month PEI view can be decision-ready.",Requires full PEI specialist research or source-backed industry/company underwrite before a 3-year ownership thesis can be decision-ready.,本 inventory-scope PEI 批次未逐檔執行完整官方 filings、法說、consensus、估值模型與流動性模型查核; 個人庫存僅用於定義研究宇宙；模型投組 sizing 未使用券商、股數或成本; 需以公司公告、交易所/SEC 文件與正式 PEI specialist workflow 補強後，才可升級為 decision-ready; 產業 thesis Gate=產業前景可追，但公司證據仍在建立；炒作風險=低; 產業 thesis 缺失證據：近 7 日公開新聞熱度未命中或未抓取; 產業 thesis 缺失證據：缺少明確後續產業 KPI,reports/public-equity-batch/2026-09-04-inventory/companies/tw-5234/summary.html,reports/public-equity-batch/2026-09-04-inventory/companies/tw-5234/tearsheet.html,reports/public-equity-batch/2026-09-04-inventory/companies/tw-5234/initiation.html,reports/public-equity-batch/2026-09-04-inventory/companies/tw-5234/risk_plan.html
tw,6488,環球晶,inventory_holding,Wait for trigger,927.0,TWD,2026-09-03,partial,not_run,not_run,partial,false,research_status_not_complete; valuation_status_not_complete; risk_status_not_complete; investment_horizon_not_complete,company-tearsheet + initiating-coverage; comps-valuation; portfolio-risk-management,"Inventory-scope artifact uses health-check, K-line, and APEX context as a timing/risk screen only; 3-month thesis is not fully underwritten.","Requires official filings, earnings-call commentary, consensus/estimate context, and valuation work before a 12-month PEI view can be decision-ready.",Requires full PEI specialist research or source-backed industry/company underwrite before a 3-year ownership thesis can be decision-ready.,本 inventory-scope PEI 批次未逐檔執行完整官方 filings、法說、consensus、估值模型與流動性模型查核; 個人庫存僅用於定義研究宇宙；模型投組 sizing 未使用券商、股數或成本; 需以公司公告、交易所/SEC 文件與正式 PEI specialist workflow 補強後，才可升級為 decision-ready; 產業 thesis Gate=產業前景可追，但公司證據仍在建立；炒作風險=低; 產業 thesis 缺失證據：台股官方公司基本資料未命中; 產業 thesis 缺失證據：近 7 日公開新聞熱度未命中或未抓取; 產業 thesis 缺失證據：缺少明確後續產業 KPI,reports/public-equity-batch/2026-09-04-inventory/companies/tw-6488/summary.html,reports/public-equity-batch/2026-09-04-inventory/companies/tw-6488/tearsheet.html,reports/public-equity-batch/2026-09-04-inventory/companies/tw-6488/initiation.html,reports/public-equity-batch/2026-09-04-inventory/companies/tw-6488/risk_plan.html
tw,6510,精測,inventory_holding,Wait for trigger,3350.0,TWD,2026-09-03,partial,not_run,not_run,partial,false,research_status_not_complete; valuation_status_not_complete; risk_status_not_complete; investment_horizon_not_complete,company-tearsheet + initiating-coverage; comps-valuation; portfolio-risk-management,"Inventory-scope artifact uses health-check, K-line, and APEX context as a timing/risk screen only; 3-month thesis is not fully underwritten.","Requires official filings, earnings-call commentary, consensus/estimate context, and valuation work before a 12-month PEI view can be decision-ready.",Requires full PEI specialist research or source-backed industry/company underwrite before a 3-year ownership thesis can be decision-ready.,本 inventory-scope PEI 批次未逐檔執行完整官方 filings、法說、consensus、估值模型與流動性模型查核; 個人庫存僅用於定義研究宇宙；模型投組 sizing 未使用券商、股數或成本; 需以公司公告、交易所/SEC 文件與正式 PEI specialist workflow 補強後，才可升級為 decision-ready; 產業 thesis Gate=產業前景可追，但公司證據仍在建立；炒作風險=中; 產業 thesis 缺失證據：台股官方公司基本資料未命中; 產業 thesis 缺失證據：近 7 日公開新聞熱度未命中或未抓取; 產業 thesis 缺失證據：缺少明確後續產業 KPI,reports/public-equity-batch/2026-09-04-inventory/companies/tw-6510/summary.html,reports/public-equity-batch/2026-09-04-inventory/companies/tw-6510/tearsheet.html,reports/public-equity-batch/2026-09-04-inventory/companies/tw-6510/initiation.html,reports/public-equity-batch/2026-09-04-inventory/companies/tw-6510/risk_plan.html
tw,6695,芯鼎,inventory_holding,Watch only,49.1,TWD,2026-09-03,partial,not_run,not_run,partial,false,research_status_not_complete; valuation_status_not_complete; risk_status_not_complete; investment_horizon_not_complete,company-tearsheet + initiating-coverage; comps-valuation; portfolio-risk-management,"Inventory-scope artifact uses health-check, K-line, and APEX context as a timing/risk screen only; 3-month thesis is not fully underwritten.","Requires official filings, earnings-call commentary, consensus/estimate context, and valuation work before a 12-month PEI view can be decision-ready.",Requires full PEI specialist research or source-backed industry/company underwrite before a 3-year ownership thesis can be decision-ready.,本 inventory-scope PEI 批次未逐檔執行完整官方 filings、法說、consensus、估值模型與流動性模型查核; 個人庫存僅用於定義研究宇宙；模型投組 sizing 未使用券商、股數或成本; 需以公司公告、交易所/SEC 文件與正式 PEI specialist workflow 補強後，才可升級為 decision-ready; 健康檢查已標示風險控管動作，模型投組維持 0%; 產業 thesis Gate=產業順風且公司證據較完整；炒作風險=中; 產業 thesis 缺失證據：近 7 日公開新聞熱度未命中或未抓取; 產業 thesis 缺失證據：缺少明確後續產業 KPI,reports/public-equity-batch/2026-09-04-inventory/companies/tw-6695/summary.html,reports/public-equity-batch/2026-09-04-inventory/companies/tw-6695/tearsheet.html,reports/public-equity-batch/2026-09-04-inventory/companies/tw-6695/initiation.html,reports/public-equity-batch/2026-09-04-inventory/companies/tw-6695/risk_plan.html
us,CRCL,Circle Internet Group,inventory_holding,Not decision-ready,103.23,USD,2026-09-03T20:00:02Z,partial,not_run,not_run,partial,false,official_validation_not_complete; research_status_not_complete; valuation_status_not_complete; risk_status_not_complete; investment_horizon_not_complete,official-evidence review; company-tearsheet + initiating-coverage; comps-valuation; portfolio-risk-management,"Inventory-scope artifact uses health-check, K-line, and APEX context as a timing/risk screen only; 3-month thesis is not fully underwritten.","Requires official filings, earnings-call commentary, consensus/estimate context, and valuation work before a 12-month PEI view can be decision-ready.",Requires full PEI specialist research or source-backed industry/company underwrite before a 3-year ownership thesis can be decision-ready.,本 inventory-scope PEI 批次未逐檔執行完整官方 filings、法說、consensus、估值模型與流動性模型查核; 個人庫存僅用於定義研究宇宙；模型投組 sizing 未使用券商、股數或成本; 需以公司公告、交易所/SEC 文件與正式 PEI specialist workflow 補強後，才可升級為 decision-ready; 官方公司/證券身分驗證未完成; 產業 thesis Gate=炒作或擁擠交易風險偏高；炒作風險=高; 產業 thesis 缺失證據：SEC company tickers 未命中或 SEC_USER_AGENT 未設定; 產業 thesis 缺失證據：近 7 日公開新聞熱度未命中或未抓取; 產業 thesis 缺失證據：缺少明確後續產業 KPI; 產業 thesis 缺失證據：缺少公司級官方營收、訂單、財報或法說支撐; 估值 handoff 缺失：valuation multiples missing; 官方證據 handoff 缺失：SEC company tickers 未命中或 SEC_USER_AGENT 未設定; 官方證據 handoff 缺失：缺少公司級官方營收、訂單、財報或法說支撐,reports/public-equity-batch/2026-09-04-inventory/companies/us-CRCL/summary.html,reports/public-equity-batch/2026-09-04-inventory/companies/us-CRCL/tearsheet.html,reports/public-equity-batch/2026-09-04-inventory/companies/us-CRCL/initiation.html,reports/public-equity-batch/2026-09-04-inventory/companies/us-CRCL/risk_plan.html
us,GOOGL,Alphabet 公司,inventory_holding,Watch only,342.48,USD,2026-09-03T20:00:01Z,partial,not_run,not_run,partial,false,official_validation_not_complete; research_status_not_complete; valuation_status_not_complete; risk_status_not_complete; investment_horizon_not_complete,official-evidence review; company-tearsheet + initiating-coverage; comps-valuation; portfolio-risk-management,"Inventory-scope artifact uses health-check, K-line, and APEX context as a timing/risk screen only; 3-month thesis is not fully underwritten.","Requires official filings, earnings-call commentary, consensus/estimate context, and valuation work before a 12-month PEI view can be decision-ready.",Requires full PEI specialist research or source-backed industry/company underwrite before a 3-year ownership thesis can be decision-ready.,本 inventory-scope PEI 批次未逐檔執行完整官方 filings、法說、consensus、估值模型與流動性模型查核; 個人庫存僅用於定義研究宇宙；模型投組 sizing 未使用券商、股數或成本; 需以公司公告、交易所/SEC 文件與正式 PEI specialist workflow 補強後，才可升級為 decision-ready; 官方公司/證券身分驗證未完成; 健康檢查已標示風險控管動作，模型投組維持 0%; 產業 thesis Gate=目前偏題材，缺公司級落地證據；炒作風險=低; 產業 thesis 缺失證據：SEC company tickers 未命中或 SEC_USER_AGENT 未設定; 產業 thesis 缺失證據：近 7 日公開新聞熱度未命中或未抓取; 產業 thesis 缺失證據：缺少明確後續產業 KPI; 產業 thesis 缺失證據：缺少公司級官方營收、訂單、財報或法說支撐; 估值 handoff 缺失：valuation multiples missing; 官方證據 handoff 缺失：SEC company tickers 未命中或 SEC_USER_AGENT 未設定; 官方證據 handoff 缺失：缺少公司級官方營收、訂單、財報或法說支撐,reports/public-equity-batch/2026-09-04-inventory/companies/us-GOOGL/summary.html,reports/public-equity-batch/2026-09-04-inventory/companies/us-GOOGL/tearsheet.html,reports/public-equity-batch/2026-09-04-inventory/companies/us-GOOGL/initiation.html,reports/public-equity-batch/2026-09-04-inventory/companies/us-GOOGL/risk_plan.html
us,LVS,Las Vegas Sands Corp,inventory_holding,Watch only,44.51,USD,2026-09-03T20:00:02Z,partial,not_run,not_run,partial,false,official_validation_not_complete; research_status_not_complete; valuation_status_not_complete; risk_status_not_complete; investment_horizon_not_complete,official-evidence review; company-tearsheet + initiating-coverage; comps-valuation; portfolio-risk-management,"Inventory-scope artifact uses health-check, K-line, and APEX context as a timing/risk screen only; 3-month thesis is not fully underwritten.","Requires official filings, earnings-call commentary, consensus/estimate context, and valuation work before a 12-month PEI view can be decision-ready.",Requires full PEI specialist research or source-backed industry/company underwrite before a 3-year ownership thesis can be decision-ready.,本 inventory-scope PEI 批次未逐檔執行完整官方 filings、法說、consensus、估值模型與流動性模型查核; 個人庫存僅用於定義研究宇宙；模型投組 sizing 未使用券商、股數或成本; 需以公司公告、交易所/SEC 文件與正式 PEI specialist workflow 補強後，才可升級為 decision-ready; 官方公司/證券身分驗證未完成; 產業 thesis Gate=目前偏題材，缺公司級落地證據；炒作風險=低; 產業 thesis 缺失證據：SEC company tickers 未命中或 SEC_USER_AGENT 未設定; 產業 thesis 缺失證據：近 7 日公開新聞熱度未命中或未抓取; 產業 thesis 缺失證據：缺少明確後續產業 KPI; 產業 thesis 缺失證據：缺少公司級官方營收、訂單、財報或法說支撐; 估值 handoff 缺失：valuation multiples missing; 官方證據 handoff 缺失：SEC company tickers 未命中或 SEC_USER_AGENT 未設定; 官方證據 handoff 缺失：缺少公司級官方營收、訂單、財報或法說支撐,reports/public-equity-batch/2026-09-04-inventory/companies/us-LVS/summary.html,reports/public-equity-batch/2026-09-04-inventory/companies/us-LVS/tearsheet.html,reports/public-equity-batch/2026-09-04-inventory/companies/us-LVS/initiation.html,reports/public-equity-batch/2026-09-04-inventory/companies/us-LVS/risk_plan.html
us,NFLX,Netflix Inc,inventory_holding,Watch only,82.67,USD,2026-09-03T20:00:00Z,partial,not_run,not_run,partial,false,official_validation_not_complete; research_status_not_complete; valuation_status_not_complete; risk_status_not_complete; investment_horizon_not_complete,official-evidence review; company-tearsheet + initiating-coverage; comps-valuation; portfolio-risk-management,"Inventory-scope artifact uses health-check, K-line, and APEX context as a timing/risk screen only; 3-month thesis is not fully underwritten.","Requires official filings, earnings-call commentary, consensus/estimate context, and valuation work before a 12-month PEI view can be decision-ready.",Requires full PEI specialist research or source-backed industry/company underwrite before a 3-year ownership thesis can be decision-ready.,本 inventory-scope PEI 批次未逐檔執行完整官方 filings、法說、consensus、估值模型與流動性模型查核; 個人庫存僅用於定義研究宇宙；模型投組 sizing 未使用券商、股數或成本; 需以公司公告、交易所/SEC 文件與正式 PEI specialist workflow 補強後，才可升級為 decision-ready; 官方公司/證券身分驗證未完成; 產業 thesis Gate=目前偏題材，缺公司級落地證據；炒作風險=低; 產業 thesis 缺失證據：SEC company tickers 未命中或 SEC_USER_AGENT 未設定; 產業 thesis 缺失證據：OHLCV 價格脈絡未命中; 產業 thesis 缺失證據：近 7 日公開新聞熱度未命中或未抓取; 產業 thesis 缺失證據：缺少明確後續產業 KPI; 產業 thesis 缺失證據：缺少公司級官方營收、訂單、財報或法說支撐; 估值 handoff 缺失：valuation multiples missing; 官方證據 handoff 缺失：SEC company tickers 未命中或 SEC_USER_AGENT 未設定; 官方證據 handoff 缺失：缺少公司級官方營收、訂單、財報或法說支撐; 風險 handoff 缺失：local OHLCV history missing; 風險 handoff 缺失：downside distance input missing; 風險 handoff 缺失：20d average trade value missing,reports/public-equity-batch/2026-09-04-inventory/companies/us-NFLX/summary.html,reports/public-equity-batch/2026-09-04-inventory/companies/us-NFLX/tearsheet.html,reports/public-equity-batch/2026-09-04-inventory/companies/us-NFLX/initiation.html,reports/public-equity-batch/2026-09-04-inventory/companies/us-NFLX/risk_plan.html
us,SOFI,SoFi Technologies Inc,inventory_holding,Watch only,18.51,USD,2026-09-03T20:00:00Z,partial,not_run,not_run,partial,false,official_validation_not_complete; research_status_not_complete; valuation_status_not_complete; risk_status_not_complete; investment_horizon_not_complete,official-evidence review; company-tearsheet + initiating-coverage; comps-valuation; portfolio-risk-management,"Inventory-scope artifact uses health-check, K-line, and APEX context as a timing/risk screen only; 3-month thesis is not fully underwritten.","Requires official filings, earnings-call commentary, consensus/estimate context, and valuation work before a 12-month PEI view can be decision-ready.",Requires full PEI specialist research or source-backed industry/company underwrite before a 3-year ownership thesis can be decision-ready.,本 inventory-scope PEI 批次未逐檔執行完整官方 filings、法說、consensus、估值模型與流動性模型查核; 個人庫存僅用於定義研究宇宙；模型投組 sizing 未使用券商、股數或成本; 需以公司公告、交易所/SEC 文件與正式 PEI specialist workflow 補強後，才可升級為 decision-ready; 官方公司/證券身分驗證未完成; 產業 thesis Gate=目前偏題材，缺公司級落地證據；炒作風險=低; 產業 thesis 缺失證據：SEC company tickers 未命中或 SEC_USER_AGENT 未設定; 產業 thesis 缺失證據：近 7 日公開新聞熱度未命中或未抓取; 產業 thesis 缺失證據：缺少明確後續產業 KPI; 產業 thesis 缺失證據：缺少公司級官方營收、訂單、財報或法說支撐; 估值 handoff 缺失：valuation multiples missing; 官方證據 handoff 缺失：SEC company tickers 未命中或 SEC_USER_AGENT 未設定; 官方證據 handoff 缺失：缺少公司級官方營收、訂單、財報或法說支撐,reports/public-equity-batch/2026-09-04-inventory/companies/us-SOFI/summary.html,reports/public-equity-batch/2026-09-04-inventory/companies/us-SOFI/tearsheet.html,reports/public-equity-batch/2026-09-04-inventory/companies/us-SOFI/initiation.html,reports/public-equity-batch/2026-09-04-inventory/companies/us-SOFI/risk_plan.html
us,SPCX,太空探索科技公司,inventory_holding,Wait for trigger,149.74,USD,2026-09-03T20:00:01Z,partial,not_run,not_run,partial,false,official_validation_not_complete; research_status_not_complete; valuation_status_not_complete; risk_status_not_complete; investment_horizon_not_complete,official-evidence review; company-tearsheet + initiating-coverage; comps-valuation; portfolio-risk-management,"Inventory-scope artifact uses health-check, K-line, and APEX context as a timing/risk screen only; 3-month thesis is not fully underwritten.","Requires official filings, earnings-call commentary, consensus/estimate context, and valuation work before a 12-month PEI view can be decision-ready.",Requires full PEI specialist research or source-backed industry/company underwrite before a 3-year ownership thesis can be decision-ready.,本 inventory-scope PEI 批次未逐檔執行完整官方 filings、法說、consensus、估值模型與流動性模型查核; 個人庫存僅用於定義研究宇宙；模型投組 sizing 未使用券商、股數或成本; 需以公司公告、交易所/SEC 文件與正式 PEI specialist workflow 補強後，才可升級為 decision-ready; 官方公司/證券身分驗證未完成; 產業 thesis Gate=目前偏題材，缺公司級落地證據；炒作風險=低; 產業 thesis 缺失證據：SEC company tickers 未命中或 SEC_USER_AGENT 未設定; 產業 thesis 缺失證據：近 7 日公開新聞熱度未命中或未抓取; 產業 thesis 缺失證據：缺少明確後續產業 KPI; 產業 thesis 缺失證據：缺少公司級官方營收、訂單、財報或法說支撐; 估值 handoff 缺失：valuation multiples missing; 官方證據 handoff 缺失：SEC company tickers 未命中或 SEC_USER_AGENT 未設定; 官方證據 handoff 缺失：缺少公司級官方營收、訂單、財報或法說支撐,reports/public-equity-batch/2026-09-04-inventory/companies/us-SPCX/summary.html,reports/public-equity-batch/2026-09-04-inventory/companies/us-SPCX/tearsheet.html,reports/public-equity-batch/2026-09-04-inventory/companies/us-SPCX/initiation.html,reports/public-equity-batch/2026-09-04-inventory/companies/us-SPCX/risk_plan.html
us,TSLA,特斯拉 / Tesla,inventory_holding,Watch only,376.365,USD,2026-09-03T20:00:00Z,partial,not_run,not_run,partial,false,official_validation_not_complete; research_status_not_complete; valuation_status_not_complete; risk_status_not_complete; investment_horizon_not_complete,official-evidence review; company-tearsheet + initiating-coverage; comps-valuation; portfolio-risk-management,"Inventory-scope artifact uses health-check, K-line, and APEX context as a timing/risk screen only; 3-month thesis is not fully underwritten.","Requires official filings, earnings-call commentary, consensus/estimate context, and valuation work before a 12-month PEI view can be decision-ready.",Requires full PEI specialist research or source-backed industry/company underwrite before a 3-year ownership thesis can be decision-ready.,本 inventory-scope PEI 批次未逐檔執行完整官方 filings、法說、consensus、估值模型與流動性模型查核; 個人庫存僅用於定義研究宇宙；模型投組 sizing 未使用券商、股數或成本; 需以公司公告、交易所/SEC 文件與正式 PEI specialist workflow 補強後，才可升級為 decision-ready; 官方公司/證券身分驗證未完成; 健康檢查已標示風險控管動作，模型投組維持 0%; 產業 thesis Gate=目前偏題材，缺公司級落地證據；炒作風險=中; 產業 thesis 缺失證據：SEC company tickers 未命中或 SEC_USER_AGENT 未設定; 產業 thesis 缺失證據：近 7 日公開新聞熱度未命中或未抓取; 產業 thesis 缺失證據：缺少明確後續產業 KPI; 產業 thesis 缺失證據：缺少公司級官方營收、訂單、財報或法說支撐; 估值 handoff 缺失：valuation multiples missing; 官方證據 handoff 缺失：SEC company tickers 未命中或 SEC_USER_AGENT 未設定; 官方證據 handoff 缺失：缺少公司級官方營收、訂單、財報或法說支撐,reports/public-equity-batch/2026-09-04-inventory/companies/us-TSLA/summary.html,reports/public-equity-batch/2026-09-04-inventory/companies/us-TSLA/tearsheet.html,reports/public-equity-batch/2026-09-04-inventory/companies/us-TSLA/initiation.html,reports/public-equity-batch/2026-09-04-inventory/companies/us-TSLA/risk_plan.html
us,TSM,Taiwan Semiconductor,inventory_holding,Watch only,417.01,USD,2026-09-03T20:00:02Z,partial,not_run,not_run,partial,false,official_validation_not_complete; research_status_not_complete; valuation_status_not_complete; risk_status_not_complete; investment_horizon_not_complete,official-evidence review; company-tearsheet + initiating-coverage; comps-valuation; portfolio-risk-management,"Inventory-scope artifact uses health-check, K-line, and APEX context as a timing/risk screen only; 3-month thesis is not fully underwritten.","Requires official filings, earnings-call commentary, consensus/estimate context, and valuation work before a 12-month PEI view can be decision-ready.",Requires full PEI specialist research or source-backed industry/company underwrite before a 3-year ownership thesis can be decision-ready.,本 inventory-scope PEI 批次未逐檔執行完整官方 filings、法說、consensus、估值模型與流動性模型查核; 個人庫存僅用於定義研究宇宙；模型投組 sizing 未使用券商、股數或成本; 需以公司公告、交易所/SEC 文件與正式 PEI specialist workflow 補強後，才可升級為 decision-ready; 官方公司/證券身分驗證未完成; 產業 thesis Gate=目前偏題材，缺公司級落地證據；炒作風險=低; 產業 thesis 缺失證據：SEC company tickers 未命中或 SEC_USER_AGENT 未設定; 產業 thesis 缺失證據：近 7 日公開新聞熱度未命中或未抓取; 產業 thesis 缺失證據：缺少明確後續產業 KPI; 產業 thesis 缺失證據：缺少公司級官方營收、訂單、財報或法說支撐; 估值 handoff 缺失：valuation multiples missing; 官方證據 handoff 缺失：SEC company tickers 未命中或 SEC_USER_AGENT 未設定; 官方證據 handoff 缺失：缺少公司級官方營收、訂單、財報或法說支撐,reports/public-equity-batch/2026-09-04-inventory/companies/us-TSM/summary.html,reports/public-equity-batch/2026-09-04-inventory/companies/us-TSM/tearsheet.html,reports/public-equity-batch/2026-09-04-inventory/companies/us-TSM/initiation.html,reports/public-equity-batch/2026-09-04-inventory/companies/us-TSM/risk_plan.html
us,UMC,United Microelectronics,inventory_holding,Watch only,19.86,USD,2026-09-03T20:00:02Z,partial,not_run,not_run,partial,false,official_validation_not_complete; research_status_not_complete; valuation_status_not_complete; risk_status_not_complete; investment_horizon_not_complete,official-evidence review; company-tearsheet + initiating-coverage; comps-valuation; portfolio-risk-management,"Inventory-scope artifact uses health-check, K-line, and APEX context as a timing/risk screen only; 3-month thesis is not fully underwritten.","Requires official filings, earnings-call commentary, consensus/estimate context, and valuation work before a 12-month PEI view can be decision-ready.",Requires full PEI specialist research or source-backed industry/company underwrite before a 3-year ownership thesis can be decision-ready.,本 inventory-scope PEI 批次未逐檔執行完整官方 filings、法說、consensus、估值模型與流動性模型查核; 個人庫存僅用於定義研究宇宙；模型投組 sizing 未使用券商、股數或成本; 需以公司公告、交易所/SEC 文件與正式 PEI specialist workflow 補強後，才可升級為 decision-ready; 官方公司/證券身分驗證未完成; 產業 thesis Gate=目前偏題材，缺公司級落地證據；炒作風險=低; 產業 thesis 缺失證據：SEC company tickers 未命中或 SEC_USER_AGENT 未設定; 產業 thesis 缺失證據：近 7 日公開新聞熱度未命中或未抓取; 產業 thesis 缺失證據：缺少明確後續產業 KPI; 產業 thesis 缺失證據：缺少公司級官方營收、訂單、財報或法說支撐; 估值 handoff 缺失：valuation multiples missing; 官方證據 handoff 缺失：SEC company tickers 未命中或 SEC_USER_AGENT 未設定; 官方證據 handoff 缺失：缺少公司級官方營收、訂單、財報或法說支撐,reports/public-equity-batch/2026-09-04-inventory/companies/us-UMC/summary.html,reports/public-equity-batch/2026-09-04-inventory/companies/us-UMC/tearsheet.html,reports/public-equity-batch/2026-09-04-inventory/companies/us-UMC/initiation.html,reports/public-equity-batch/2026-09-04-inventory/companies/us-UMC/risk_plan.html
us,WDC,威騰電子,inventory_holding,Watch only,441.57,USD,2026-09-03T20:00:00Z,partial,not_run,not_run,partial,false,official_validation_not_complete; research_status_not_complete; valuation_status_not_complete; risk_status_not_complete; investment_horizon_not_complete,official-evidence review; company-tearsheet + initiating-coverage; comps-valuation; portfolio-risk-management,"Inventory-scope artifact uses health-check, K-line, and APEX context as a timing/risk screen only; 3-month thesis is not fully underwritten.","Requires official filings, earnings-call commentary, consensus/estimate context, and valuation work before a 12-month PEI view can be decision-ready.",Requires full PEI specialist research or source-backed industry/company underwrite before a 3-year ownership thesis can be decision-ready.,本 inventory-scope PEI 批次未逐檔執行完整官方 filings、法說、consensus、估值模型與流動性模型查核; 個人庫存僅用於定義研究宇宙；模型投組 sizing 未使用券商、股數或成本; 需以公司公告、交易所/SEC 文件與正式 PEI specialist workflow 補強後，才可升級為 decision-ready; 官方公司/證券身分驗證未完成; 健康檢查已標示風險控管動作，模型投組維持 0%; 產業 thesis Gate=目前偏題材，缺公司級落地證據；炒作風險=低; 產業 thesis 缺失證據：SEC company tickers 未命中或 SEC_USER_AGENT 未設定; 產業 thesis 缺失證據：近 7 日公開新聞熱度未命中或未抓取; 產業 thesis 缺失證據：缺少明確後續產業 KPI; 產業 thesis 缺失證據：缺少公司級官方營收、訂單、財報或法說支撐; 估值 handoff 缺失：valuation multiples missing; 官方證據 handoff 缺失：SEC company tickers 未命中或 SEC_USER_AGENT 未設定; 官方證據 handoff 缺失：缺少公司級官方營收、訂單、財報或法說支撐,reports/public-equity-batch/2026-09-04-inventory/companies/us-WDC/summary.html,reports/public-equity-batch/2026-09-04-inventory/companies/us-WDC/tearsheet.html,reports/public-equity-batch/2026-09-04-inventory/companies/us-WDC/initiation.html,reports/public-equity-batch/2026-09-04-inventory/companies/us-WDC/risk_plan.html
