market_key,market,symbol,company,industry,canonical_category,canonical_category_label,source_priority,instrument_type,output_subdir,industry_thesis_gate,hype_risk,industry_thesis_summary,industry_thesis_missing_evidence,source_count,source_summary
tw,台股,1215,卜蜂,inventory-scope,inventory_holding,庫存持倉,6,common_equity,tw-1215,theme_only,low,Gate=目前偏題材，缺公司級落地證據；炒作風險=低；成長驅動=庫存回補 / 週期復甦；目前主要是題材或來源敘事，尚未看到足夠公司級落地證據。,台股官方公司基本資料未命中；月營收資料未命中或未接到此市場；近 7 日公開新聞熱度未命中或未抓取；缺少明確後續產業 KPI；缺少公司級官方營收、訂單、財報或法說支撐,1,庫存持倉
tw,台股,1216,統一,inventory-scope,inventory_holding,庫存持倉,6,common_equity,tw-1216,theme_only,low,Gate=目前偏題材，缺公司級落地證據；炒作風險=低；成長驅動=庫存回補 / 週期復甦；目前主要是題材或來源敘事，尚未看到足夠公司級落地證據。,台股官方公司基本資料未命中；月營收資料未命中或未接到此市場；近 7 日公開新聞熱度未命中或未抓取；缺少明確後續產業 KPI；缺少公司級官方營收、訂單、財報或法說支撐,1,庫存持倉
tw,台股,2330,台積電,inventory-scope,inventory_holding,庫存持倉,6,common_equity,tw-2330,theme_only,low,Gate=目前偏題材，缺公司級落地證據；炒作風險=低；成長驅動=庫存回補 / 週期復甦；目前主要是題材或來源敘事，尚未看到足夠公司級落地證據。,台股官方公司基本資料未命中；月營收資料未命中或未接到此市場；近 7 日公開新聞熱度未命中或未抓取；缺少明確後續產業 KPI；缺少公司級官方營收、訂單、財報或法說支撐,1,庫存持倉
tw,台股,2354,鴻準,inventory-scope,inventory_holding,庫存持倉,6,common_equity,tw-2354,hype_or_crowded,high,Gate=炒作或擁擠交易風險偏高；炒作風險=高；成長驅動=庫存回補 / 週期復甦；題材/價格/新聞熱度偏熱，但缺少公司級官方營收、訂單或財報證據支撐。,台股官方公司基本資料未命中；月營收資料未命中或未接到此市場；近 7 日公開新聞熱度未命中或未抓取；缺少明確後續產業 KPI；缺少公司級官方營收、訂單、財報或法說支撐,1,庫存持倉
tw,台股,2454,聯發科,inventory-scope,inventory_holding,庫存持倉,6,common_equity,tw-2454,theme_only,low,Gate=目前偏題材，缺公司級落地證據；炒作風險=低；成長驅動=庫存回補 / 週期復甦；目前主要是題材或來源敘事，尚未看到足夠公司級落地證據。,台股官方公司基本資料未命中；月營收資料未命中或未接到此市場；近 7 日公開新聞熱度未命中或未抓取；缺少明確後續產業 KPI；缺少公司級官方營收、訂單、財報或法說支撐,1,庫存持倉
tw,台股,6695,芯鼎,inventory-scope,inventory_holding,庫存持倉,6,common_equity,tw-6695,theme_only,low,Gate=目前偏題材，缺公司級落地證據；炒作風險=低；成長驅動=庫存回補 / 週期復甦；目前主要是題材或來源敘事，尚未看到足夠公司級落地證據。,台股官方公司基本資料未命中；月營收資料未命中或未接到此市場；近 7 日公開新聞熱度未命中或未抓取；缺少明確後續產業 KPI；缺少公司級官方營收、訂單、財報或法說支撐,1,庫存持倉
tw,台股,6770,力積電,inventory-scope,inventory_holding,庫存持倉,6,common_equity,tw-6770,theme_only,medium,Gate=目前偏題材，缺公司級落地證據；炒作風險=中；成長驅動=庫存回補 / 週期復甦；目前主要是題材或來源敘事，尚未看到足夠公司級落地證據。,台股官方公司基本資料未命中；月營收資料未命中或未接到此市場；近 7 日公開新聞熱度未命中或未抓取；缺少明確後續產業 KPI；缺少公司級官方營收、訂單、財報或法說支撐,1,庫存持倉
tw,台股,9910,豐泰,inventory-scope,inventory_holding,庫存持倉,6,common_equity,tw-9910,theme_only,low,Gate=目前偏題材，缺公司級落地證據；炒作風險=低；成長驅動=庫存回補 / 週期復甦；目前主要是題材或來源敘事，尚未看到足夠公司級落地證據。,台股官方公司基本資料未命中；月營收資料未命中或未接到此市場；近 7 日公開新聞熱度未命中或未抓取；缺少明確後續產業 KPI；缺少公司級官方營收、訂單、財報或法說支撐,1,庫存持倉
us,美股,AAPL,Apple Inc,inventory-scope,inventory_holding,庫存持倉,6,common_equity,us-AAPL,theme_only,low,Gate=目前偏題材，缺公司級落地證據；炒作風險=低；成長驅動=庫存回補 / 週期復甦；目前主要是題材或來源敘事，尚未看到足夠公司級落地證據。,SEC company tickers 未命中或 SEC_USER_AGENT 未設定；近 7 日公開新聞熱度未命中或未抓取；缺少明確後續產業 KPI；缺少公司級官方營收、訂單、財報或法說支撐,1,庫存持倉
us,美股,BABA,阿里巴巴,inventory-scope,inventory_holding,庫存持倉,6,common_equity,us-BABA,theme_only,low,Gate=目前偏題材，缺公司級落地證據；炒作風險=低；成長驅動=庫存回補 / 週期復甦；目前主要是題材或來源敘事，尚未看到足夠公司級落地證據。,SEC company tickers 未命中或 SEC_USER_AGENT 未設定；近 7 日公開新聞熱度未命中或未抓取；缺少明確後續產業 KPI；缺少公司級官方營收、訂單、財報或法說支撐,1,庫存持倉
us,美股,CPRT,Copart Inc,inventory-scope,inventory_holding,庫存持倉,6,common_equity,us-CPRT,theme_only,low,Gate=目前偏題材，缺公司級落地證據；炒作風險=低；成長驅動=庫存回補 / 週期復甦；目前主要是題材或來源敘事，尚未看到足夠公司級落地證據。,SEC company tickers 未命中或 SEC_USER_AGENT 未設定；近 7 日公開新聞熱度未命中或未抓取；缺少明確後續產業 KPI；缺少公司級官方營收、訂單、財報或法說支撐,1,庫存持倉
us,美股,CRCL,Circle Internet Group,inventory-scope,inventory_holding,庫存持倉,6,common_equity,us-CRCL,theme_only,low,Gate=目前偏題材，缺公司級落地證據；炒作風險=低；成長驅動=庫存回補 / 週期復甦；目前主要是題材或來源敘事，尚未看到足夠公司級落地證據。,SEC company tickers 未命中或 SEC_USER_AGENT 未設定；近 7 日公開新聞熱度未命中或未抓取；缺少明確後續產業 KPI；缺少公司級官方營收、訂單、財報或法說支撐,1,庫存持倉
us,美股,GOOGL,Alphabet 公司,inventory-scope,inventory_holding,庫存持倉,6,common_equity,us-GOOGL,theme_only,low,Gate=目前偏題材，缺公司級落地證據；炒作風險=低；成長驅動=庫存回補 / 週期復甦；目前主要是題材或來源敘事，尚未看到足夠公司級落地證據。,SEC company tickers 未命中或 SEC_USER_AGENT 未設定；近 7 日公開新聞熱度未命中或未抓取；缺少明確後續產業 KPI；缺少公司級官方營收、訂單、財報或法說支撐,1,庫存持倉
us,美股,LVS,Las Vegas Sands Corp,inventory-scope,inventory_holding,庫存持倉,6,common_equity,us-LVS,theme_only,low,Gate=目前偏題材，缺公司級落地證據；炒作風險=低；成長驅動=庫存回補 / 週期復甦；目前主要是題材或來源敘事，尚未看到足夠公司級落地證據。,SEC company tickers 未命中或 SEC_USER_AGENT 未設定；近 7 日公開新聞熱度未命中或未抓取；缺少明確後續產業 KPI；缺少公司級官方營收、訂單、財報或法說支撐,1,庫存持倉
us,美股,MU,Micron Technology,inventory-scope,inventory_holding,庫存持倉,6,common_equity,us-MU,theme_only,low,Gate=目前偏題材，缺公司級落地證據；炒作風險=低；成長驅動=庫存回補 / 週期復甦；目前主要是題材或來源敘事，尚未看到足夠公司級落地證據。,SEC company tickers 未命中或 SEC_USER_AGENT 未設定；近 7 日公開新聞熱度未命中或未抓取；缺少明確後續產業 KPI；缺少公司級官方營收、訂單、財報或法說支撐,1,庫存持倉
us,美股,NFLX,Netflix Inc,inventory-scope,inventory_holding,庫存持倉,6,fund_or_etf,us-NFLX,theme_only,low,Gate=目前偏題材，缺公司級落地證據；炒作風險=低；成長驅動=庫存回補 / 週期復甦；目前主要是題材或來源敘事，尚未看到足夠公司級落地證據。,SEC company tickers 未命中或 SEC_USER_AGENT 未設定；OHLCV 價格脈絡未命中；近 7 日公開新聞熱度未命中或未抓取；缺少明確後續產業 KPI；缺少公司級官方營收、訂單、財報或法說支撐,1,庫存持倉
us,美股,PLTR,Palantir Technologies Inc,inventory-scope,inventory_holding,庫存持倉,6,common_equity,us-PLTR,hype_or_crowded,high,Gate=炒作或擁擠交易風險偏高；炒作風險=高；成長驅動=庫存回補 / 週期復甦；題材/價格/新聞熱度偏熱，但缺少公司級官方營收、訂單或財報證據支撐。,SEC company tickers 未命中或 SEC_USER_AGENT 未設定；近 7 日公開新聞熱度未命中或未抓取；缺少明確後續產業 KPI；缺少公司級官方營收、訂單、財報或法說支撐,1,庫存持倉
us,美股,SOFI,SoFi Technologies Inc,inventory-scope,inventory_holding,庫存持倉,6,common_equity,us-SOFI,theme_only,low,Gate=目前偏題材，缺公司級落地證據；炒作風險=低；成長驅動=庫存回補 / 週期復甦；目前主要是題材或來源敘事，尚未看到足夠公司級落地證據。,SEC company tickers 未命中或 SEC_USER_AGENT 未設定；近 7 日公開新聞熱度未命中或未抓取；缺少明確後續產業 KPI；缺少公司級官方營收、訂單、財報或法說支撐,1,庫存持倉
us,美股,SPCX,太空探索科技公司,inventory-scope,inventory_holding,庫存持倉,6,common_equity,us-SPCX,hype_or_crowded,high,Gate=炒作或擁擠交易風險偏高；炒作風險=高；成長驅動=庫存回補 / 週期復甦；題材/價格/新聞熱度偏熱，但缺少公司級官方營收、訂單或財報證據支撐。,SEC company tickers 未命中或 SEC_USER_AGENT 未設定；近 7 日公開新聞熱度未命中或未抓取；缺少明確後續產業 KPI；缺少公司級官方營收、訂單、財報或法說支撐,1,庫存持倉
us,美股,TSLA,特斯拉 / Tesla,inventory-scope,inventory_holding,庫存持倉,6,common_equity,us-TSLA,theme_only,low,Gate=目前偏題材，缺公司級落地證據；炒作風險=低；成長驅動=庫存回補 / 週期復甦；目前主要是題材或來源敘事，尚未看到足夠公司級落地證據。,SEC company tickers 未命中或 SEC_USER_AGENT 未設定；近 7 日公開新聞熱度未命中或未抓取；缺少明確後續產業 KPI；缺少公司級官方營收、訂單、財報或法說支撐,1,庫存持倉
us,美股,TSM,Taiwan Semiconductor,inventory-scope,inventory_holding,庫存持倉,6,common_equity,us-TSM,theme_only,low,Gate=目前偏題材，缺公司級落地證據；炒作風險=低；成長驅動=AI / 資料中心、庫存回補 / 週期復甦；目前主要是題材或來源敘事，尚未看到足夠公司級落地證據。,SEC company tickers 未命中或 SEC_USER_AGENT 未設定；近 7 日公開新聞熱度未命中或未抓取；缺少明確後續產業 KPI；缺少公司級官方營收、訂單、財報或法說支撐,1,庫存持倉
